,新开普智慧校园系统,mike,jsp,http://wmxy1.ycjytyy.com:880/mike.jsp

,新开普智慧校园系统,mike,jsp,http://58.51.112.8:8081/mike.jsp

,新开普智慧校园系统,mike,jsp,http://61.240.209.201:8090/mike.jsp

,新开普智慧校园系统,mike,jsp,http://112.27.176.130:9019/mike.jsp

,新开普智慧校园系统,mike,jsp,http://116.128.234.52:8081/mike.jsp

,新开普智慧校园系统,mike,jsp,http://116.236.145.7:8080/mike.jsp

,新开普智慧校园系统,mike,jsp,http://211.137.201.16/mike.jsp

,新开普智慧校园系统,mike,jsp,http://58.57.108.40:8089/mike.jsp

,新开普智慧校园系统,mike,jsp,http://60.13.176.201:8080/mike.jsp

,新开普智慧校园系统,mike,jsp,http://202.112.200.95:8080/mike.jsp

,新开普智慧校园系统,mike,jsp,http://60.13.176.201:8080/mike.jsp

,新开普智慧校园系统,mike,jsp,http://www.ytgz.jhjyjt.cn:6001/mike.jsp

,新开普智慧校园系统,mike,jsp,http://118.31.106.224:8080/mike.jsp

,新开普智慧校园系统,mike,jsp,http://124.161.255.38:9090/mike.jsp

,新开普智慧校园系统,mike,jsp,http://117.115.250.152:8081/mike.jsp

,新开普智慧校园系统,mike,jsp,http://113.200.190.242:9003/mike.jsp

,新开普智慧校园系统,mike,jsp,http://113.200.190.242:9000/mike.jsp

,新开普智慧校园系统,mike,jsp,http://222.222.118.2:8080/mike.jsp

,新开普智慧校园系统,mike,jsp,http://www.jhzx.jhjyjt.cn:6001/mike.jsp

,新开普智慧校园系统,mike,jsp,http://218.9.55.123:8899/mike.jsp

,新开普智慧校园系统,mike,jsp,http://61.183.23.133:6001/mike.jsp

,新开普智慧校园系统,mike,jsp,http://47.118.22.142:8080/mike.jsp

,新开普智慧校园系统,mike,jsp,http://123.127.226.198:8080/mike.jsp

,新开普智慧校园系统,mike,jsp,http://124.71.20.57:8080/mike.jsp

,新开普智慧校园系统,mike,jsp,http://210.44.112.135:8080/mike.jsp

,新开普智慧校园系统,mike,jsp,http://wlw2.ycjytyy.com:880/mike.jsp

,新开普智慧校园系统,mike,jsp,http://223.68.1.39:8806/mike.jsp

,新开普智慧校园系统,mike,jsp,http://116.128.241.109:8888/mike.jsp

,新开普智慧校园系统,mike,jsp,http://219.140.173.155:8080/mike.jsp

,新开普智慧校园系统,mike,jsp,http://106.120.108.184:8080/mike.jsp

,新开普智慧校园系统,mike,jsp,http://101.231.133.232:9121/mike.jsp

,新开普智慧校园系统,mike,jsp,https://202.121.174.30/mike.jsp

,新开普智慧校园系统,mike,jsp,http://180.167.23.123:8081/mike.jsp

,新开普智慧校园系统,mike,jsp,http://112.124.203.185/mike.jsp

,新开普智慧校园系统,mike,jsp,http://116.236.94.42:8080/mike.jsp

,新开普智慧校园系统,mike,jsp,http://222.249.67.140:8080/mike.jsp

,新开普智慧校园系统,mike,jsp,http://58.51.118.162:9999/mike.jsp

,新开普智慧校园系统,mike,jsp,http://202.114.177.140:8080/mike.jsp

,新开普智慧校园系统,mike,jsp,http://111.47.60.162:8100/mike.jsp

,新开普智慧校园系统,mike,jsp,http://110.52.243.89:8000/mike.jsp

,新开普智慧校园系统,mike,jsp,http://124.127.38.129:8080/mike.jsp

,新开普智慧校园系统,mike,jsp,http://202.110.232.197:9000/mike.jsp

,新开普智慧校园系统,mike,jsp,http://61.191.104.45:8081/mike.jsp

,新开普智慧校园系统,mike,jsp,http://121.33.239.146:18080/mike.jsp

,新开普智慧校园系统,mike,jsp,http://120.92.208.144:8088/mike.jsp

,新开普智慧校园系统,mike,jsp,http://113.56.119.196:28080/mike.jsp

,新开普智慧校园系统,mike,jsp,http://111.51.8.142:9090/mike.jsp

,新开普智慧校园系统,mike,jsp,http://cms.jhjyjt.cn:6001/mike.jsp

,新开普智慧校园系统,mike,jsp,http://218.89.82.219:8081/mike.jsp

,新开普智慧校园系统,mike,jsp,http://www.dfhxx.jhjyjt.cn:6001/mike.jsp

,新开普智慧校园系统,mike,jsp,http://58.19.133.151:9090/mike.jsp

,新开普智慧校园系统,mike,jsp,http://222.28.16.129:8080/mike.jsp

,新开普智慧校园系统,mike,jsp,http://123.139.243.87:12391/mike.jsp

,新开普智慧校园系统,mike,jsp,http://112.113.245.234:8081/mike.jsp

,新开普智慧校园系统,mike,jsp,http://221.226.251.170:88/mike.jsp

,新开普智慧校园系统,mike,jsp,http://211.68.97.27:8080/mike.jsp

,新开普智慧校园系统,mike,jsp,http://www.wgyxx.jhjyjt.cn:6001/mike.jsp

,新开普智慧校园系统,mike,jsp,http://211.145.45.18:8080/mike.jsp

,新开普智慧校园系统,mike,jsp,http://1.24.246.215:8081/mike.jsp

,新开普智慧校园系统,mike,jsp,http://1.180.130.140:8081/mike.jsp

,新开普智慧校园系统,mike,jsp,http://39.98.178.169:8800/mike.jsp

,新开普智慧校园系统,mike,jsp,http://jhjyjt.cn:6001/mike.jsp

,新开普智慧校园系统,mike,jsp,http://218.84.232.3:18080/mike.jsp

,新开普智慧校园系统,mike,jsp,http://183.6.155.131:8080/mike.jsp

,新开普智慧校园系统,mike,jsp,http://221.7.223.19:8086/mike.jsp

,新开普智慧校园系统,mike,jsp,http://ykt2.ycjytyy.com:880/mike.jsp

,新开普智慧校园系统,mike,jsp,http://117.190.242.204:81/mike.jsp

,新开普智慧校园系统,mike,jsp,http://60.171.164.46:9004/mike.jsp

,新开普智慧校园系统,mike,jsp,http://47.108.224.226:8090/mike.jsp

,新开普智慧校园系统,mike,jsp,http://219.140.68.50:8091/mike.jsp

,新开普智慧校园系统,mike,jsp,http://m.tlmzy.com:18080/mike.jsp

,新开普智慧校园系统,mike,jsp,http://58.218.203.70:8081/mike.jsp

,新开普智慧校园系统,mike,jsp,http://219.224.48.140:8080/mike.jsp

,新开普智慧校园系统,mike,jsp,http://211.81.175.79:8080/mike.jsp

,新开普智慧校园系统,mike,jsp,http://218.92.67.51/mike.jsp

,新开普智慧校园系统,mike,jsp,http://113.59.51.228:9005/mike.jsp

,新开普智慧校园系统,mike,jsp,http://blog.jhjyjt.cn:6001/mike.jsp

,新开普智慧校园系统,mike,jsp,http://61.134.55.222:8880/mike.jsp

,新开普智慧校园系统,mike,jsp,http://218.29.119.182:8080/mike.jsp

,新开普智慧校园系统,mike,jsp,http://117.115.249.141:8080/mike.jsp

,新开普智慧校园系统,mike,jsp,http://218.247.195.139:8080/mike.jsp

,新开普智慧校园系统,mike,jsp,http://36.138.113.38:8090/mike.jsp

,新开普智慧校园系统,mike,jsp,http://210.73.76.210:8080/mike.jsp

,新开普智慧校园系统,mike,jsp,http://39.129.48.107:8001/mike.jsp

,新开普智慧校园系统,mike,jsp,http://59.172.37.100:8080/mike.jsp

,新开普智慧校园系统,mike,jsp,http://211.71.235.157:8080/mike.jsp

,新开普智慧校园系统,mike,jsp,http://223.82.35.216:9090/mike.jsp

,新开普智慧校园系统,mike,jsp,http://58.48.40.226:9090/mike.jsp

,新开普智慧校园系统,mike,jsp,http://202.203.159.135:8080/mike.jsp

,新开普智慧校园系统,mike,jsp,http://222.222.118.2:8080/mike.jsp

,新开普智慧校园系统,mike,jsp,http://www.jhjyjt.cn:6001/mike.jsp

,新开普智慧校园系统,mike,jsp,http://58.211.238.171:18080/mike.jsp

,新开普智慧校园系统,mike,jsp,http://219.220.176.92:18080/mike.jsp

,新开普智慧校园系统,mike,jsp,http://111.203.19.238:8088/mike.jsp

,新开普智慧校园系统,mike,jsp,http://123.132.226.162:9000/mike.jsp

,新开普智慧校园系统,mike,jsp,http://223.84.188.56:880/mike.jsp

,新开普智慧校园系统,mike,jsp,http://222.24.19.168:8080/mike.jsp

,新开普智慧校园系统,mike,jsp,http://116.236.137.33:7000/mike.jsp

